,0,1,2,3,4,5,6,7,8,9,10
ECOG_LEFT_RawHjorth_Activity,-0.04596744903572059,-0.03725811356456954,0.0028040995508443745,-0.027586418454189188,-0.02318543893054037,-0.0044759696390915815,-0.03526099666044957,-0.03251645477653303,0.002218236860741074,-0.009962026065898688,-0.00721359928477161
ECOG_LEFT_RawHjorth_Mobility,0.0019130666132385343,-0.02499238393274472,0.010496160855155812,-0.044187345045311854,-0.018485069447903513,-0.01183382571350522,-0.06449186751623764,-0.02699046536408778,-0.0266206624660712,-0.020014784826956178,-0.027596671166703723
ECOG_LEFT_RawHjorth_Complexity,-0.024412034962616347,-0.05708670165046931,-0.06444296263355453,-0.051589793953306096,-0.04690089417895538,-0.0401276944504963,-0.08368491057034644,-0.017145816999045826,-0.02156405289798169,-0.051487861640941546,-0.02949453637420607
ECOG_RIGHT_RawHjorth_Activity,-0.038761497001700396,-0.05813620593270541,-0.0639759981396597,-0.06449751079649202,-0.051972000185238176,-0.04252958197825829,-0.08892648278794757,-0.016454298046730653,-0.04416585346786228,-0.058317963409608264,-0.012698160407602077
ECOG_RIGHT_RawHjorth_Mobility,-0.10246119042629204,-0.08248201078661382,0.014900184985202847,-0.10450306256358177,-0.08015907581722548,-0.05236198716891172,-0.08127237943613569,-0.012837487327978125,-0.04000635858101931,-0.05776127818034671,-0.029393329640037158
ECOG_RIGHT_RawHjorth_Complexity,-0.10740866614520339,-0.10199999250810132,-0.015891556458706324,-0.18104230060875748,-0.0936258010606375,-0.05040881862325136,-0.08562798166947133,-0.02267969269060971,-0.054430347097001786,-0.07501045645977422,-0.04883030709778563
ECOG_LEFT_raw,-0.11013797133308123,-0.10263927176618554,-0.0033216227391361652,-0.18208909868547263,-0.09175555186169304,-0.05073453223756974,-0.08742224116493391,-0.025653883051918458,-0.05233423071972776,-0.07461316442228605,-0.05165668739768692
ECOG_RIGHT_raw,-0.1056846259683843,-0.10077647569885306,-0.006338924541889224,-0.18310935265624795,-0.09360512175799279,-0.04776993735906476,-0.08496818641062359,-0.022442746223096943,-0.053305606638401004,-0.07587671321363199,-0.051856849916747716
ECOG_LEFT_bandpass_activity_low beta,-0.10761161006173181,-0.09921188255706087,-0.006824183810832829,-0.18322285030851437,-0.09478889231667098,-0.05125570596475432,-0.0881013977969245,-0.020517599597634884,-0.0529837629981752,-0.07716614678052736,-0.052877188962322685
ECOG_LEFT_bandpass_activity_high beta,-0.10414213988304871,-0.09620948217292907,-0.005768117286559238,-0.185839814189673,-0.09377783758510883,-0.050225468702452924,-0.08551077339879704,-0.01792521781480466,-0.05383387791322525,-0.07331204328461405,-0.051024919434316696
ECOG_LEFT_bandpass_activity_low gamma,-0.10206833352494021,-0.1005242661854654,-0.0023789060307667365,-0.18548032791728286,-0.09332936814934867,-0.04714568819028203,-0.08882136579491101,-0.01946248565816283,-0.05440596813933729,-0.07378794090378182,-0.05086710036660613
ECOG_LEFT_bandpass_activity_high gamma,-0.10651638670682495,-0.10013126293530872,-0.006000379276272949,-0.18517031884963298,-0.09814702320311991,-0.04851425927317382,-0.08167213983574712,-0.01750322326153453,-0.05109551796983369,-0.07266275943015399,-0.05170029371161128
ECOG_LEFT_bandpass_activity_HFA,-0.11169274240153987,-0.10030018779282185,-0.005250502791437683,-0.18260878923977875,-0.09954759417144926,-0.04594252568805496,-0.08991738164158669,-0.021199455512187382,-0.05492312465929661,-0.0720413684611555,-0.05475779438215206
ECOG_RIGHT_bandpass_activity_low beta,-0.10795259526101025,-0.09951629962134645,-0.0065089877365485105,-0.18747881881078454,-0.09718622648576564,-0.04858098716305209,-0.08892033257318976,-0.024615032386678115,-0.054720504366777,-0.07511843220117631,-0.0552965451221612
ECOG_RIGHT_bandpass_activity_high beta,-0.11380183016782913,-0.09993178090000387,-0.004999265369217132,-0.1821185958590117,-0.09668362591682944,-0.051371194352228144,-0.08775522962406512,-0.02209994899390122,-0.05686054017378872,-0.07578230172208211,-0.056638863475025336
ECOG_RIGHT_bandpass_activity_low gamma,-0.1115453572300702,-0.1005185258184006,-0.006475690715747828,-0.18879302432034029,-0.09642384985382713,-0.05316539117846392,-0.08382997322661967,-0.024329973511901526,-0.05701353825879363,-0.07453852546901696,-0.05297341197071187
ECOG_RIGHT_bandpass_activity_high gamma,-0.11080936320422141,-0.09978636864793944,-0.02476297878868805,-0.17435152123700282,-0.10219873230621784,-0.04899838933530115,-0.08207675616331417,-0.02518810338469979,-0.05640664291839692,-0.07459335286795066,-0.05662313606250696
ECOG_RIGHT_bandpass_activity_HFA,-0.10958386908137785,-0.10020106916127375,-0.020388554894364863,-0.17539443028410107,-0.09600983308892819,-0.05164662834590694,-0.08585126598852466,-0.019366150063110876,-0.054717210208219735,-0.07296778973477758,-0.055706867496245316
ECOG_LEFT_stft_low beta,-0.0983914933987814,-0.10023943408758323,-0.017760474173696195,-0.17756459044335293,-0.09203326863912237,-0.04642237246733988,-0.0838776590399839,-0.013225227655624394,-0.05015910508095889,-0.06931709117498608,-0.06171644280889482
ECOG_LEFT_stft_high beta,-0.17239319754760557,-0.1341085017562651,-0.01343724292415216,-0.15806383789539158,-0.10536340742788308,-0.06571087615009363,-0.11063280685626303,-0.014093589726446087,-0.055945378338233764,-0.09795587705288639,-0.0682925005607386
ECOG_LEFT_stft_low gamma,-0.1711685819490129,-0.12207284172433897,-0.02624278010951364,-0.15611154519381532,-0.10831991702547672,-0.06000440772767468,-0.10671040230583512,-0.014321242154627267,-0.05112958370836307,-0.0959247383616253,-0.0661267017355383
ECOG_LEFT_stft_high gamma,-0.17495249913354521,-0.13583833527435357,-0.03894658919830485,-0.17272074444593744,-0.11122057024847187,-0.07131063877397248,-0.11147894660987456,-0.005915254804922165,-0.04592553072591943,-0.10060987116077352,-0.06826321446451239
ECOG_LEFT_stft_HFA,-0.18721373665976665,-0.15391461553272046,-0.0531000512714343,-0.1620689753934219,-0.11101384774906714,-0.06690906319258022,-0.10561498517294748,-0.02250635698260245,-0.04915814594646706,-0.11167640579716565,-0.07466689508028224
ECOG_RIGHT_stft_low beta,-0.17623784110850693,-0.14665832938957896,-0.06597266423661158,-0.16813696216834617,-0.11226099631076869,-0.05832439630337827,-0.10378704663322813,-0.01541527726580505,-0.05061031698222884,-0.10828486734219966,-0.07118253032811445
ECOG_RIGHT_stft_high beta,-0.1944625248909953,-0.15989034312132433,-0.05537665535340114,-0.1446114466075359,-0.11432829178093667,-0.06316530702580986,-0.11232513675486883,-0.028101976326527445,-0.05235912642239415,-0.10886223844890147,-0.08186744432876042
ECOG_RIGHT_stft_low gamma,-0.2001532114755153,-0.1584678819547491,-0.05768904131782343,-0.15191053559912593,-0.10408694578520905,-0.06257721024734159,-0.11598503751635164,-0.02721188805510394,-0.05096368276058438,-0.11322849432526083,-0.07716021286831753
ECOG_RIGHT_stft_high gamma,-0.19886842231533147,-0.1656962235024867,-0.05431135410906418,-0.1673823758896601,-0.10646862389681166,-0.07421727626857388,-0.10911963906319039,-0.03880846161176238,-0.051789121737019994,-0.11468803366017333,-0.09342780271618334
ECOG_RIGHT_stft_HFA,-0.167289718911578,-0.16076778705914813,-0.11891379942504365,-0.1337826269332386,-0.10308042762204267,-0.07118036688741247,-0.10613095222892965,-0.04886310371313368,-0.0442340853630141,-0.1182200626659905,-0.08828696262037206
ECOG_LEFT_fft_low beta,-0.16844129574781813,-0.1598807572837173,-0.11795073764028113,-0.13325577890386053,-0.10464988716886575,-0.07152192781906141,-0.10875253180377736,-0.04348123750961341,-0.04510768636690399,-0.11859782263744018,-0.09032787363057243
ECOG_LEFT_fft_high beta,-0.21451781205816384,-0.17802271166849715,-0.12709731946648967,-0.11763666095540304,-0.09822104219381006,-0.06917464545119772,-0.12742264392038588,-0.044091258638795094,-0.05330890484520845,-0.1374866734012018,-0.10103552267652821
ECOG_LEFT_fft_low gamma,-0.2220902992117062,-0.1814667719326607,-0.13251502356138534,-0.117997702129365,-0.09126390240146504,-0.06936981361172334,-0.13427699106489865,-0.04246936829763481,-0.05872929437439589,-0.135821894448664,-0.09765727198271862
ECOG_LEFT_fft_high gamma,-0.22850835826388194,-0.18058552055060823,-0.16221100351946915,-0.12293816940567559,-0.09838020766605665,-0.08897254014777406,-0.1318899752721206,-0.0355527432627768,-0.07791950128557823,-0.14951995434507764,-0.10475340514643616
ECOG_LEFT_fft_HFA,-0.2231515768169804,-0.17093720730416023,-0.14391215917068617,-0.11874246139262756,-0.110296140442042,-0.08057351864295564,-0.12309083638562074,-0.04581590138968872,-0.06796409083515587,-0.12528995677808047,-0.10688655629013238
ECOG_RIGHT_fft_low beta,-0.22609228433567247,-0.1713597024760634,-0.14846666424748706,-0.1251052580056662,-0.11597726144009979,-0.08227930163231673,-0.12458424836476473,-0.038709505402937994,-0.06882952725666935,-0.1253670754825088,-0.10550129154423682
ECOG_RIGHT_fft_high beta,-0.24650168814076173,-0.17519148771918008,-0.1460263737565589,-0.09851711433971722,-0.11567285280740397,-0.07587621305599845,-0.1284318189526482,-0.040307338275278326,-0.06988062973403131,-0.12819395517046356,-0.11347005759057749
ECOG_RIGHT_fft_low gamma,-0.2396011771982277,-0.1737504212672522,-0.09783345670539373,-0.08400096060767992,-0.10594665282938814,-0.09502597061778123,-0.14157031612058302,-0.031590850222943945,-0.07513226630436787,-0.126291293835477,-0.11780204037708897
ECOG_RIGHT_fft_high gamma,-0.24543409002922578,-0.18155372074296228,-0.15658739779133685,-0.15440998198552836,-0.10449323236958269,-0.10476794468219336,-0.14403647756164722,-0.056187447110880195,-0.08996585790691713,-0.17216337599783116,-0.12957560646088861
ECOG_RIGHT_fft_HFA,-0.24076543807208034,-0.15794493500466872,-0.08990717084289201,-0.06293170917229662,-0.08527159891132446,-0.10136542003441823,-0.13596477194898926,-0.05825930502554788,-0.08219784707001943,-0.13137411511934904,-0.12024592658925853
ECOG_LEFT_Sharpwave_Max_prominence_range_5_80,-0.22653460117544894,-0.1608422596183754,-0.0759210696460722,-0.061860280376796695,-0.08680361309111384,-0.10209186619205907,-0.13078566922071994,-0.04824383917929714,-0.08126605526804853,-0.12379438318082925,-0.11765132670630618
ECOG_LEFT_Sharpwave_Mean_interval_range_5_80,-0.21718758201858573,-0.15564065593623833,-0.06892369793406994,-0.07139736361510485,-0.07872293501199162,-0.10215259887066963,-0.12465296598825865,-0.047532998332285026,-0.08439784881268408,-0.11167724889020425,-0.12676699510204253
ECOG_LEFT_Sharpwave_Max_sharpness_range_5_80,-0.214812071139853,-0.1537962338690546,-0.07006834976061099,-0.07231182185838492,-0.07981396834364074,-0.10193362212855994,-0.12485021955706294,-0.04825347604654484,-0.08231158785725556,-0.11044265027890743,-0.12458335744979881
ECOG_LEFT_Sharpwave_Max_prominence_range_5_30,-0.22157919654726876,-0.15677403247241595,-0.07685891713520104,-0.07126095948438638,-0.07684602815886882,-0.1091152653893167,-0.1258802460583066,-0.0534426789011172,-0.07915185281032044,-0.12973217142951132,-0.1315345324729562
ECOG_LEFT_Sharpwave_Mean_interval_range_5_30,-0.2326531411574691,-0.15842684726379624,-0.0744269202658906,-0.06864026833903225,-0.08189664922070183,-0.10665358405776365,-0.12314795992527344,-0.0458426133723861,-0.07896283141338811,-0.13228842238363564,-0.130463676971934
ECOG_LEFT_Sharpwave_Max_sharpness_range_5_30,-0.23361616670033192,-0.15576292544713155,-0.08204857066884857,-0.07215446764604472,-0.08723216792610877,-0.10677214140214714,-0.12063210410614184,-0.04647440185038154,-0.07968469759624508,-0.13388966920373735,-0.13389578593422713
ECOG_RIGHT_Sharpwave_Max_prominence_range_5_80,-0.24707940126925076,-0.15385568223654855,-0.07701447527689192,-0.03960964384016097,-0.08889701811892065,-0.09344757715071234,-0.13098589108478215,-0.05265938853886937,-0.09105825639394183,-0.13109059404150852,-0.12326978701129998
ECOG_RIGHT_Sharpwave_Mean_interval_range_5_80,-0.24063716265895446,-0.1570487568991712,-0.07234500815076528,-0.03778145640253383,-0.09757333271564217,-0.094085333049581,-0.1266260046435676,-0.04943181722623441,-0.09022470737503929,-0.12340271368481637,-0.11588916601640137
ECOG_RIGHT_Sharpwave_Max_sharpness_range_5_80,-0.24180824032318016,-0.15881602315119614,-0.07149639505510336,-0.036252809877755254,-0.09181771132759403,-0.09212790380200947,-0.1279359358974549,-0.055565078019725156,-0.08818307984990592,-0.12090841972161098,-0.11637145577346458
ECOG_RIGHT_Sharpwave_Max_prominence_range_5_30,-0.23779383164751655,-0.1589351222958434,-0.07882480483976884,-0.036107622106663184,-0.09061157420115695,-0.09127919702186127,-0.12930424683955494,-0.05407183177724839,-0.0849397814084526,-0.1205511026883499,-0.12339717914301573
ECOG_RIGHT_Sharpwave_Mean_interval_range_5_30,-0.2470262641281193,-0.15738340729615913,-0.07526078187098956,-0.03352791334972527,-0.08955961335355095,-0.09346800611691891,-0.13554845668812565,-0.050696331803260386,-0.08467084583693085,-0.1250023265498857,-0.12399100345458092
ECOG_RIGHT_Sharpwave_Max_sharpness_range_5_30,-0.25816515656451955,-0.15664282420304415,-0.07393269144276421,-0.032798263635464786,-0.09104092524889812,-0.09198700558994127,-0.13987838277340853,-0.05322787837622306,-0.08598562985662261,-0.12382563379634098,-0.12499860925545292
ECOG_LEFT_fooof_a_exp,-0.2537649876951764,-0.15705454564688764,-0.075429283797466,-0.03379105086112266,-0.09425758854660526,-0.0906947096222046,-0.1389366862155767,-0.05226708821038578,-0.08223536979260115,-0.12211707652861309,-0.12735921413750834
ECOG_LEFT_fooof_a_offset,-0.2556347019818396,-0.15609169824753572,-0.07447988757367613,-0.032650501674808985,-0.09301435386828633,-0.09308799684825692,-0.1391481610350645,-0.05425729138904206,-0.08541694509694853,-0.12197326396158392,-0.1268267378695
ECOG_RIGHT_fooof_a_exp,-0.2539641760985966,-0.1625573755712521,-0.058776148565885256,-0.029459193801234518,-0.0894886516901715,-0.09254594372022529,-0.1359077265348183,-0.04881889428689273,-0.08373518008655911,-0.12349641459006055,-0.12781155043971815
ECOG_RIGHT_fooof_a_offset,-0.2588426486547149,-0.16154990201583386,-0.06904224836432893,-0.030411349242697505,-0.0912055889833413,-0.09377677525217532,-0.13852193792604683,-0.05275643486803577,-0.08446540959206938,-0.1208432717280617,-0.12488063002184485
ECOG_LEFT_bursts_low beta_duration_mean,-0.2560000877420419,-0.15809474804301799,-0.06622978074441466,-0.030103112068027404,-0.093505403499622,-0.09418535139396617,-0.13648357417434892,-0.049995472606183866,-0.08314236652732998,-0.12184137599091233,-0.12217657049251907
ECOG_LEFT_bursts_low beta_amplitude_mean,-0.25001950813524165,-0.15942410076200325,-0.0722562080222533,-0.03299037644292835,-0.09614443219403779,-0.09337362189997855,-0.14381991001588135,-0.05044615985706469,-0.0898847973976219,-0.1280603580720464,-0.12934163480500654
ECOG_LEFT_bursts_low beta_duration_max,-0.2501818680150278,-0.1610638579321183,-0.0677259528509851,-0.03395627816786384,-0.09328707010207848,-0.09395836203058167,-0.1470190646543792,-0.0496587705008088,-0.08632660270953385,-0.13017530642905495,-0.1288177838837996
ECOG_LEFT_bursts_low beta_amplitude_max,-0.2566040455914298,-0.16456743239404842,-0.06442401963104522,-0.032879346780619656,-0.09633931628144926,-0.09662353308325261,-0.15004039688020798,-0.048716709715605155,-0.08096213413257114,-0.12899960584033343,-0.13350009684583708
ECOG_LEFT_bursts_low beta_burst_rate_per_s,-0.25765869610920156,-0.16805572148319436,-0.06185311282681755,-0.031745886415313174,-0.09755271963640222,-0.09478169471138598,-0.14929256975481725,-0.055877289530967544,-0.08537992555715579,-0.12742417504537684,-0.1306485914324798
ECOG_LEFT_bursts_high beta_duration_mean,-0.27142248235807176,-0.17104413014705477,-0.060160359308269795,-0.04152695264871964,-0.09929467397377151,-0.0974139715613685,-0.14404474186748611,-0.05381120295185321,-0.08459289799910308,-0.1408351978564807,-0.13374555251933623
ECOG_LEFT_bursts_high beta_amplitude_mean,-0.23382306648578,-0.1748902228109142,-0.06459120128494705,-0.05071380733996267,-0.11617481662449342,-0.0944092430061263,-0.13622293344471903,-0.05469983671651485,-0.07236310012058234,-0.14711867280796959,-0.13051907504191235
ECOG_LEFT_bursts_high beta_duration_max,-0.23707391035060954,-0.17654354496029884,-0.06504079458293827,-0.04507091545490027,-0.11776557107259034,-0.09610816384526916,-0.13833372230741953,-0.06458326103028367,-0.07282154376214767,-0.1426609565609681,-0.13067733990718128
ECOG_LEFT_bursts_high beta_amplitude_max,-0.2681165284251478,-0.1707293448454068,-0.06488024773236123,-0.04265215449042681,-0.12043371385960439,-0.10621307076500547,-0.1455986498833184,-0.0609525782174109,-0.07133018076563524,-0.15546859976069927,-0.1402167534065893
ECOG_LEFT_bursts_high beta_burst_rate_per_s,-0.2740696368730582,-0.1728502648598767,-0.07087039987433463,-0.05033615023032745,-0.120514354473989,-0.10994644689258176,-0.1440502660756321,-0.06559587540074951,-0.07491360105444644,-0.16477392125965312,-0.14612634095091798
ECOG_LEFT_bursts_low gamma_duration_mean,-0.276785085633744,-0.17164117074850166,-0.07176850256685452,-0.047176574714787756,-0.12129160457886307,-0.10745177437120862,-0.1434690099329029,-0.061687984315496935,-0.07480813907886896,-0.16655401279858567,-0.14646805921371708
ECOG_LEFT_bursts_low gamma_amplitude_mean,-0.2784527788180658,-0.1750984211037141,-0.08229360026220944,-0.04811149456060293,-0.12075182004676732,-0.11175908186645772,-0.13788399929001227,-0.0612652021974639,-0.07467479404261312,-0.1715400121511072,-0.14693692406395426
ECOG_LEFT_bursts_low gamma_duration_max,-0.28109616635288487,-0.17723808500342697,-0.08611344717417302,-0.0494319719218681,-0.1216565976517816,-0.11179711537110576,-0.13741548010222132,-0.061196383703595036,-0.07395921919455828,-0.17631466291329345,-0.14808212643061336
ECOG_LEFT_bursts_low gamma_amplitude_max,-0.28008777367294524,-0.17259077094954844,-0.08564476258739029,-0.04727029318147169,-0.12449196872853274,-0.10944107819901322,-0.13938408083394416,-0.054031395098197044,-0.07398026718938344,-0.17060258540665107,-0.14730633197138115
ECOG_LEFT_bursts_low gamma_burst_rate_per_s,-0.28116292338099513,-0.17237237716373122,-0.08284784146245239,-0.04519701230402373,-0.1230876762990637,-0.10904058882313444,-0.14158098006094905,-0.06272912782899337,-0.07372995566756846,-0.17364405291631602,-0.14761098798002553
ECOG_LEFT_bursts_high gamma_duration_mean,-0.27602870915150185,-0.17197271463696895,-0.0870216646164606,-0.042825418130203796,-0.12675427482837037,-0.11219570303674603,-0.13972582016976332,-0.055075942576652936,-0.0758869836274717,-0.1710176650298671,-0.14626155626663884
ECOG_LEFT_bursts_high gamma_amplitude_mean,-0.2801569685057075,-0.15133981823691262,-0.1046859732505529,-0.039828193434213954,-0.12351841423452681,-0.11558172110938197,-0.13831920656509683,-0.0494594857004107,-0.08048043103994684,-0.17253366846074314,-0.14502523995924982
ECOG_LEFT_bursts_high gamma_duration_max,-0.28165409861324986,-0.15292349308738773,-0.10425429467594072,-0.037096446101585134,-0.12429663013197878,-0.11482684027316387,-0.13238283592401773,-0.04914124677859172,-0.07905110636701296,-0.17113402215193402,-0.14349874138500768
ECOG_LEFT_bursts_high gamma_amplitude_max,-0.2845350843921277,-0.15565115502928067,-0.09117526918594077,-0.03620211013276542,-0.12250850019397808,-0.11576457318736721,-0.1313700628050804,-0.04509234976106841,-0.07916411082832275,-0.17329688784652297,-0.14829579209630556
ECOG_LEFT_bursts_high gamma_burst_rate_per_s,-0.28348348097619214,-0.15695552879382652,-0.0967222999867916,-0.03554117073474283,-0.12256804290665829,-0.11228898873863946,-0.13432425023354894,-0.04319259260602276,-0.07776972212000666,-0.1737563400621458,-0.14704486665682093
ECOG_RIGHT_bursts_low beta_duration_mean,-0.28749679094179076,-0.15780188819283164,-0.08816228939331472,-0.039110937414660985,-0.12584401825862507,-0.11137632633671829,-0.1366184077950382,-0.04832054976489292,-0.07794496282219443,-0.17356893155381226,-0.14724018958126583
ECOG_RIGHT_bursts_low beta_amplitude_mean,-0.2698671823677163,-0.14920151206146537,-0.12208816264732342,-0.058348294234404685,-0.12351897237591114,-0.10675118083014468,-0.13055915192086787,-0.03328877934716723,-0.07376061863290273,-0.16730005783060953,-0.14484081815658978
ECOG_RIGHT_bursts_low beta_duration_max,-0.267026246002108,-0.14931666347915568,-0.11943144938668987,-0.059237891419483324,-0.12499019701769548,-0.10908277424128976,-0.13404606925398072,-0.036455624125889596,-0.07526732400855052,-0.16599308199829604,-0.14301005039920966
ECOG_RIGHT_bursts_low beta_amplitude_max,-0.2791535842950994,-0.15838150392567873,-0.10280299058915182,-0.043755630406450585,-0.12441900776594733,-0.10900252304101005,-0.13675795520118444,-0.04413402392006632,-0.07305766026070215,-0.17135796261665365,-0.14670139409242933
ECOG_RIGHT_bursts_low beta_burst_rate_per_s,-0.276833522407932,-0.15984649354644193,-0.10341335122664491,-0.04410120916398419,-0.1238919019566147,-0.10757121799188002,-0.13682945003560437,-0.04441704379485234,-0.07216301102145706,-0.1700650853113811,-0.14470756954217845
ECOG_RIGHT_bursts_high beta_duration_mean,-0.2787662558369466,-0.15928217426910896,-0.11251766008579905,-0.05040173023484318,-0.125180792154981,-0.10791238583547891,-0.1359955565109655,-0.04709738952912729,-0.0713987332569136,-0.1723833326216626,-0.14281065001183602
ECOG_RIGHT_bursts_high beta_amplitude_mean,-0.22850374631975257,-0.1447628356323883,-0.11852204287752321,-0.11441690014772554,-0.12211586467536728,-0.11286055739034595,-0.13699984145228133,-0.027271811830400894,-0.08601456642519179,-0.1581592356713517,-0.12968145563085842
ECOG_RIGHT_bursts_high beta_duration_max,-0.23376573863326972,-0.14715840206772102,-0.1182616685352802,-0.1123718091808612,-0.12276932874982432,-0.11351082969507342,-0.14125449192148726,-0.022592288695722107,-0.09026556454790002,-0.15699688494774533,-0.12765042026553192
ECOG_RIGHT_bursts_high beta_amplitude_max,-0.23400230164903607,-0.1553513887001025,-0.12739977564716476,-0.12570923677428114,-0.12441088124010918,-0.11385372196491261,-0.1410763802300724,-0.02097855006760202,-0.08063058597646044,-0.15576002124067634,-0.11767611901770708
ECOG_RIGHT_bursts_high beta_burst_rate_per_s,-0.24096717347928442,-0.15336296835752966,-0.1266659460096401,-0.13028331983011876,-0.12331752735694934,-0.11369993548180146,-0.14156912499773278,-0.021061396586844083,-0.08167697102595917,-0.1603895579133527,-0.1184454781772139
ECOG_RIGHT_bursts_low gamma_duration_mean,-0.23995651493762565,-0.15525697642611508,-0.12448880472647955,-0.13355003379036723,-0.121519597950285,-0.11396343524516422,-0.13966708285424323,-0.02173203025920717,-0.08137599278097374,-0.1607760939110856,-0.1191761209417947
ECOG_RIGHT_bursts_low gamma_amplitude_mean,-0.2378424220793368,-0.1616297116112827,-0.1852842967193119,-0.21907872142143697,-0.13015293065722927,-0.12206925943445934,-0.13479985967919372,-0.02735706172455027,-0.08996492573697179,-0.1604191428043284,-0.11800512699091048
ECOG_RIGHT_bursts_low gamma_duration_max,-0.23511571213959687,-0.16323597684979346,-0.18786247309273696,-0.22017385115378973,-0.12869598246194486,-0.12048078379946053,-0.1350206115437828,-0.028987378199374914,-0.08960260709230794,-0.1639021064449231,-0.11943326775117097
ECOG_RIGHT_bursts_low gamma_amplitude_max,-0.2387952082488744,-0.15954097865810213,-0.2069208983125912,-0.2282884821245959,-0.12666664609976847,-0.11733585527608337,-0.13022322856679752,-0.04054672081511562,-0.09060919936546563,-0.1655742795514939,-0.11924696894303921
ECOG_RIGHT_bursts_low gamma_burst_rate_per_s,-0.23606748081361284,-0.15985076650851138,-0.20502284105105922,-0.2285754189074194,-0.12909585041079252,-0.11634404785028374,-0.13053023671224112,-0.04115119169366421,-0.09034399416652161,-0.16837218944107113,-0.12089691401875785
ECOG_RIGHT_bursts_high gamma_duration_mean,-0.24067333493494014,-0.15765690077212446,-0.20562413245987676,-0.23208660063433922,-0.12396467595172495,-0.11657653220802955,-0.12907598590963953,-0.037118279516028585,-0.0940164337403322,-0.16397742779590058,-0.11967360057750748
ECOG_RIGHT_bursts_high gamma_amplitude_mean,-0.24830303663314351,-0.1789654501842236,-0.24318749987489308,-0.2445720884659341,-0.1341931666822681,-0.12126601925426528,-0.10553303795055502,-0.0743927972074227,-0.10031219413139036,-0.18026017974975156,-0.12259927041665813
ECOG_RIGHT_bursts_high gamma_duration_max,-0.2490414056572865,-0.1776409964892599,-0.24879677981028125,-0.2469675888259853,-0.13909494134989359,-0.12264027176516068,-0.10542434971667713,-0.07529146796084973,-0.09902440454058536,-0.17976884262650533,-0.12543312056840022
ECOG_RIGHT_bursts_high gamma_amplitude_max,-0.24825438963884616,-0.18467998368535848,-0.24761634716914405,-0.24916362463457148,-0.1446244297467954,-0.12732735483376922,-0.09830416417908094,-0.0780140173689402,-0.1085229690920616,-0.17769817103554647,-0.12990498503049652
ECOG_RIGHT_bursts_high gamma_burst_rate_per_s,-0.24397038035280316,-0.18373717937660194,-0.24387163610799234,-0.24554823808612858,-0.14555185006067617,-0.12880330808857,-0.09694887098909483,-0.07430598883918976,-0.10936243525944467,-0.17535531407527633,-0.12856915254008994
coh_ECOG_RIGHT_to_ECOG_LEFT_mean_fband_low beta,-0.24438165379719912,-0.183243124846574,-0.24770334390819015,-0.24514317381202627,-0.1416570891114099,-0.1277685718250149,-0.09913283693558911,-0.07306527556750714,-0.10951305194923167,-0.171390312966201,-0.12661409075467467
coh_ECOG_RIGHT_to_ECOG_LEFT_max_fband_low beta,-0.24476798296580377,-0.18395494841963245,-0.24602039557382466,-0.2491306815822203,-0.14285576559973717,-0.1273144390200197,-0.09830585265155739,-0.06844656418174005,-0.10981366895161426,-0.17220561179248922,-0.1279171820111238
coh_ECOG_RIGHT_to_ECOG_LEFT_mean_fband_high beta,-0.2494547613613453,-0.18347854549389347,-0.2452666326365402,-0.2530956733540705,-0.14347428338452567,-0.12909475326057862,-0.09860055770399684,-0.062367951910692,-0.11243119611047903,-0.1747891264806643,-0.12834166450169082
coh_ECOG_RIGHT_to_ECOG_LEFT_max_fband_high beta,-0.2455701699537079,-0.18215243260600905,-0.24382446748874098,-0.2600253743688469,-0.14091712515836263,-0.13038618413146635,-0.09651790316337566,-0.07157506760923199,-0.11061717924609682,-0.17542420098233508,-0.1280929020723608
coh_ECOG_RIGHT_to_ECOG_LEFT_mean_fband_high gamma,-0.24806309719858033,-0.1851005909503312,-0.2512751764813996,-0.18277160582570906,-0.13505075161043506,-0.11651490736993586,-0.12107113226227267,-0.07867039391082781,-0.11380693276313292,-0.12479311087653894,-0.11880906991254853
coh_ECOG_RIGHT_to_ECOG_LEFT_max_fband_high gamma,-0.2504542665544487,-0.18765935205904655,-0.2509011982718223,-0.17686276388944788,-0.132211895969795,-0.11759444121867552,-0.12865798068576872,-0.07758979961192336,-0.1121634374141649,-0.11769934122095299,-0.12014307315215073
coh_ECOG_RIGHT_to_ECOG_LEFT_max_allfbands_high gamma,-0.2503000897121703,-0.18380896555384008,-0.25227518581215996,-0.17120697270061125,-0.1350912231658435,-0.11865002356119486,-0.1278889117054952,-0.07672433056078276,-0.11387433320913998,-0.12096299209034778,-0.12129867047851489
icoh_ECOG_RIGHT_to_ECOG_LEFT_mean_fband_low beta,-0.25508466967864873,-0.18328277717222485,-0.2499854385833462,-0.16509490200741117,-0.13522198936117064,-0.11920717415783033,-0.12644493582024158,-0.07215273085798146,-0.11125339932876821,-0.11883255125923131,-0.12004962042094042
icoh_ECOG_RIGHT_to_ECOG_LEFT_max_fband_low beta,-0.2517997713365015,-0.18734051743362318,-0.2531487902364451,-0.17836415516302628,-0.13504381437629226,-0.11745816966079814,-0.12961716071993,-0.07446891369861203,-0.11146568188080619,-0.12075593905402471,-0.1185134222851531
icoh_ECOG_RIGHT_to_ECOG_LEFT_mean_fband_high beta,-0.2518365119760385,-0.18270503808148292,-0.2516539252305157,-0.1859383726217102,-0.13494539306188907,-0.11896064254335348,-0.133914682350393,-0.07371931073841409,-0.11205749623056349,-0.11538346154009138,-0.1226177532368688
icoh_ECOG_RIGHT_to_ECOG_LEFT_max_fband_high beta,-0.2554566892750793,-0.18215265396596242,-0.24772743175032252,-0.17804488973553634,-0.136687735232979,-0.11615658988888056,-0.13481097182363472,-0.07100625426115392,-0.11219569887328529,-0.11925106569750543,-0.12598649367279513
icoh_ECOG_RIGHT_to_ECOG_LEFT_mean_fband_high gamma,-0.25471587520821315,-0.1828495280958179,-0.24885165559869887,-0.17808319829660268,-0.13604770933067972,-0.11616592692442573,-0.13545522278553457,-0.07406738708233135,-0.11141597014111637,-0.11603294598148073,-0.12601062693651288
icoh_ECOG_RIGHT_to_ECOG_LEFT_max_fband_high gamma,-0.2563573870632973,-0.18479370774250836,-0.243923268417795,-0.17519371764803093,-0.13580814547303666,-0.11583057403955971,-0.1349690278587558,-0.0752865853794698,-0.11120668995212013,-0.12272382258555598,-0.12572277086421912
icoh_ECOG_RIGHT_to_ECOG_LEFT_max_allfbands_high gamma,-0.25476011866644716,-0.18304535715906783,-0.24801643592881145,-0.17307679977457457,-0.13434091194550202,-0.11664622724709972,-0.13464303468566852,-0.07291683329938697,-0.11316995423968323,-0.12266249204212926,-0.12874824397025425
f_score,0.0,0.0,0.0,0.0,0.0,0.0,0.0,0.0,0.0,0.0,0.0
